EmployeeID,Name,Department,Salary,Performance,Experience
1001,Karan,Marketing,52534,3,4
1002,Ananya,IT,93620,2,10
1003,Sunil,IT,78874,2,1
1004,Vikas,IT,79708,1,2
1005,Arjun,Operations,104553,2,3
1006,Riya,Finance,98344,3,6
1007,Sunil,Operations,79138,2,2
1008,Rohit,Finance,84302,5,8
1009,Karan,Operations,77638,1,7
1010,Pooja,Operations,108249,3,3
1011,Amit,Marketing,135865,1,0
1012,Karan,Sales,32719,3,0
1013,Arjun,Operations,52890,5,0
1014,Arjun,Marketing,107236,1,0
1015,Riya,HR,66509,4,7
1016,Rohit,Sales,72534,3,2
1017,Ananya,Operations,132302,4,5
1018,Riya,IT,122241,1,2
1019,Riya,HR,48787,4,10
1020,Amit,HR,78845,4,4
1021,Neha,Marketing,87932,1,6
1022,Rohit,HR,122124,5,1
1023,Priya,Sales,121659,4,5
1024,Riya,Operations,63062,4,5
1025,Kavya,Operations,105713,5,10
1026,Aisha,IT,117263,4,2
1027,Neha,Marketing,125756,4,5
1028,Priya,IT,90461,4,9
1029,Meera,HR,105418,2,9
1030,Kavya,IT,96672,5,4
1031,Rohit,Sales,64832,4,1
1032,Rahul,Operations,61966,5,8
1033,Kavya,HR,102545,3,7
1034,Pooja,IT,42987,3,2
1035,Neha,Marketing,67311,4,7
1036,Sunil,Sales,61575,5,8
1037,Kavya,Sales,93852,5,2
1038,Suresh,IT,31007,5,2
1039,Rahul,Operations,100981,2,1
1040,Arjun,IT,106242,3,7
1041,Arjun,HR,77517,5,9
1042,Vikas,IT,140022,5,0
1043,Pooja,Sales,59257,2,7
1044,Meera,IT,117272,2,6
1045,Kavya,Operations,72207,5,6
1046,Kavya,Marketing,43281,1,2
1047,Meera,Finance,91246,5,0
1048,Vikas,IT,31435,5,3
1049,Aisha,Operations,128875,2,8
1050,Aisha,Operations,130686,2,4
1051,Vikas,Marketing,121357,5,0
1052,Aisha,Sales,56660,5,4
1053,Amit,Operations,35084,5,7
1054,Kavya,Operations,112197,2,7
1055,Karan,Operations,43507,5,4
1056,Ananya,Operations,102595,5,8
1057,Meera,HR,113807,4,0
1058,Suresh,HR,75539,1,3
1059,Amit,Sales,145953,3,2
1060,Rohit,IT,37491,1,1
1061,Amit,Operations,142831,4,7
1062,Karan,Marketing,80192,3,6
1063,Rohit,IT,110395,5,8
1064,Suresh,Marketing,93888,4,1
1065,Karan,IT,103609,5,3
1066,Priya,Sales,39077,2,5
1067,Ananya,Operations,147440,4,10
1068,Suresh,Operations,50953,2,2
1069,Kavya,Finance,106919,4,7
1070,Aisha,Marketing,144682,4,2
1071,Priya,IT,97889,2,1
1072,Pooja,IT,53821,3,2
1073,Suresh,HR,67567,1,10
1074,Pooja,Finance,145374,5,5
1075,Rohit,HR,54860,4,1
1076,Priya,HR,51195,5,7
1077,Ananya,HR,107475,2,0
1078,Kavya,Marketing,120874,5,6
1079,Vikas,Marketing,117266,2,1
1080,Kavya,Sales,51427,5,9
1081,Karan,Sales,130732,1,5
1082,Kavya,HR,57083,1,1
1083,Sunil,Finance,117046,1,1
1084,Riya,IT,87372,1,9
1085,Vikas,Marketing,74064,1,7
1086,Amit,Finance,37813,1,1
1087,Aisha,Operations,61598,2,6
1088,Rahul,Marketing,142718,4,2
1089,Ananya,Marketing,123106,5,7
1090,Priya,Sales,57082,1,6
1091,Riya,IT,59241,2,7
1092,Ananya,IT,126214,2,6
1093,Priya,Operations,74569,2,10
1094,Aisha,Operations,41745,4,5
1095,Neha,Marketing,56029,5,6
1096,Neha,HR,43025,4,4
1097,Pooja,Sales,131660,3,6
1098,Ananya,Sales,44288,2,0
1099,Neha,Marketing,119186,3,0
1100,Sunil,Finance,36540,1,8
1101,Vikas,HR,127768,1,4
1102,Priya,Marketing,111958,4,4
1103,Pooja,HR,98878,5,2
1104,Kavya,HR,71846,3,4
1105,Priya,HR,131148,5,2
1106,Pooja,Marketing,105932,4,8
1107,Aisha,Sales,47482,1,8
1108,Ananya,Sales,53411,5,5
1109,Aisha,HR,80975,5,0
1110,Vikas,Finance,90545,1,6
1111,Meera,IT,142302,3,6
1112,Vikas,Marketing,108797,1,9
1113,Riya,IT,82307,5,9
1114,Aisha,Finance,33093,3,3
1115,Karan,Marketing,107258,3,7
1116,Kavya,HR,52042,1,5
1117,Suresh,Sales,82930,5,3
1118,Aisha,IT,147584,4,3
1119,Riya,Operations,74413,5,1
1120,Rohit,Operations,143387,2,1
1121,Meera,Finance,123623,4,3
1122,Sunil,HR,127883,3,4
1123,Priya,IT,63756,4,7
1124,Vikas,HR,83268,3,5
1125,Rohit,IT,69214,3,3
1126,Riya,Finance,111871,4,10
1127,Pooja,Finance,58602,3,6
1128,Suresh,Operations,83331,3,7
1129,Kavya,HR,78901,2,1
1130,Kavya,Marketing,129986,5,6
1131,Kavya,Operations,93416,5,1
1132,Sunil,HR,62196,2,1
1133,Suresh,Operations,35626,4,7
1134,Sunil,Marketing,37424,1,1
1135,Vikas,Sales,42857,1,10
1136,Sunil,Sales,140459,1,8
1137,Rahul,Sales,145621,2,0
1138,Suresh,Sales,49982,2,8
1139,Karan,IT,106961,3,0
1140,Suresh,Sales,31980,1,9
1141,Riya,Marketing,78290,4,9
1142,Rahul,Finance,56431,4,1
1143,Kavya,Finance,114976,1,5
1144,Riya,IT,137288,1,5
1145,Riya,Sales,112711,1,0
1146,Vikas,Sales,144187,2,6
1147,Arjun,Sales,56385,2,7
1148,Amit,Operations,68158,2,1
1149,Rahul,HR,53019,5,7
1150,Riya,Operations,48639,4,8
1151,Amit,HR,115530,4,5
1152,Amit,Sales,129911,3,4
1153,Rahul,Sales,51563,2,8
1154,Arjun,Operations,69341,5,10
1155,Rohit,Operations,145672,5,8
1156,Pooja,HR,35776,4,0
1157,Karan,Finance,66444,2,10
1158,Pooja,HR,98916,3,2
1159,Suresh,Operations,38711,2,8
1160,Kavya,Marketing,104318,1,10
1161,Karan,Operations,112970,2,1
1162,Suresh,Marketing,142301,1,3
1163,Riya,IT,115553,1,3
1164,Kavya,Operations,60707,3,1
1165,Priya,IT,69110,4,2
1166,Rahul,Finance,91788,2,2
1167,Meera,HR,112879,1,0
1168,Karan,Marketing,68827,2,5
1169,Karan,HR,137188,4,7
1170,Aisha,IT,35655,4,2
1171,Riya,Marketing,74859,5,4
1172,Rohit,HR,83625,4,0
1173,Amit,Operations,82098,3,9
1174,Kavya,Sales,45251,1,6
1175,Riya,IT,30526,5,9
1176,Neha,HR,98760,3,0
1177,Arjun,IT,77837,2,10
1178,Amit,IT,41536,1,8
1179,Rahul,Marketing,58541,4,7
1180,Amit,Marketing,109083,1,6
1181,Rohit,Sales,81027,2,9
1182,Vikas,Operations,64531,5,6
1183,Aisha,IT,38712,5,4
1184,Amit,HR,134101,5,4
1185,Rahul,Finance,95455,4,10
1186,Rohit,IT,104744,3,4
1187,Pooja,IT,35109,3,0
1188,Karan,Sales,79268,1,7
1189,Vikas,Operations,130737,4,10
1190,Aisha,Finance,84615,5,0
1191,Karan,Marketing,112503,5,3
1192,Arjun,Marketing,59759,2,8
1193,Suresh,HR,115708,2,8
1194,Vikas,Finance,90112,5,4
1195,Vikas,Marketing,132471,5,3
1196,Pooja,HR,56589,4,2
1197,Pooja,Operations,60015,3,2
1198,Kavya,HR,59009,2,4
1199,Sunil,Marketing,113309,3,9
1200,Amit,Sales,92046,4,0
1201,Vikas,Sales,136661,5,4
1202,Meera,Sales,56143,3,5
1203,Karan,Marketing,36154,5,6
1204,Rahul,Sales,51804,5,8
1205,Ananya,Finance,71688,1,2
1206,Sunil,Operations,94288,3,1
1207,Meera,HR,81195,3,2
1208,Ananya,HR,50581,5,8
1209,Aisha,Marketing,82648,4,6
1210,Rohit,Sales,60087,1,8
1211,Karan,Sales,79930,5,1
1212,Karan,IT,62981,2,4
1213,Sunil,Operations,99298,2,3
1214,Vikas,Finance,76167,1,1
1215,Arjun,HR,105304,4,8
1216,Sunil,IT,73408,5,8
1217,Ananya,IT,69499,3,5
1218,Sunil,Marketing,82269,1,10
1219,Meera,HR,68559,4,5
1220,Karan,Marketing,144126,3,7
1221,Arjun,Finance,104319,2,5
1222,Amit,IT,141925,2,0
1223,Neha,IT,125317,3,3
1224,Kavya,Operations,126347,1,6
1225,Priya,Finance,78787,2,1
1226,Pooja,IT,65488,5,8
1227,Sunil,Finance,104441,3,7
1228,Aisha,HR,104663,3,7
1229,Suresh,Sales,52431,2,6
1230,Rohit,IT,91681,1,3
1231,Neha,Operations,93483,5,1
1232,Kavya,HR,79153,1,2
1233,Kavya,Finance,36368,4,5
1234,Kavya,Marketing,57424,4,4
1235,Kavya,HR,142360,2,7
1236,Ananya,IT,75004,2,5
1237,Aisha,Finance,113869,2,5
1238,Aisha,Sales,118652,4,0
1239,Arjun,HR,142755,1,3
1240,Meera,IT,86985,1,4
1241,Pooja,Operations,80069,2,10
1242,Karan,Marketing,82326,5,2
1243,Kavya,Finance,138737,1,8
1244,Suresh,HR,111061,4,0
1245,Karan,HR,53398,3,5
1246,Aisha,Sales,128393,3,5
1247,Rahul,Sales,80861,3,9
1248,Rahul,Operations,105897,5,4
1249,Suresh,Marketing,111905,2,4
1250,Arjun,Operations,98577,4,9
1251,Aisha,IT,95641,5,4
1252,Suresh,IT,39078,4,5
1253,Ananya,Operations,55003,4,7
1254,Sunil,Marketing,92768,2,1
1255,Suresh,Operations,81047,3,5
1256,Amit,Marketing,101626,2,0
1257,Karan,Marketing,87660,5,3
1258,Neha,Finance,134386,5,9
1259,Riya,Marketing,79786,5,2
1260,Arjun,Sales,31925,2,8
1261,Suresh,Marketing,113976,4,2
1262,Aisha,Marketing,135221,4,5
1263,Rohit,Marketing,147832,1,0
1264,Rahul,IT,56015,5,5
1265,Amit,Sales,63320,4,3
1266,Pooja,Sales,94881,1,7
1267,Kavya,Operations,120827,4,10
1268,Riya,Finance,132215,5,8
1269,Vikas,Marketing,56289,3,3
1270,Arjun,HR,33389,5,9
1271,Neha,Finance,55683,2,9
1272,Meera,Finance,43629,4,5
1273,Meera,Sales,91550,4,0
1274,Riya,Finance,54826,2,3
1275,Suresh,Marketing,130734,2,6
1276,Ananya,Marketing,56630,3,0
1277,Rahul,IT,128762,4,7
1278,Aisha,Marketing,76163,4,9
1279,Rahul,Marketing,128511,3,10
1280,Pooja,Sales,96435,1,5
1281,Ananya,Marketing,41653,3,4
1282,Kavya,IT,57961,5,9
1283,Aisha,HR,111941,4,10
1284,Karan,Sales,104137,2,8
1285,Priya,HR,63662,5,1
1286,Amit,Sales,128818,4,4
1287,Rahul,Operations,86446,3,5
1288,Rohit,Finance,51288,5,6
1289,Rahul,Operations,125081,4,4
1290,Riya,Marketing,66877,1,8
1291,Rahul,HR,141562,1,0
1292,Arjun,Marketing,45313,2,6
1293,Rahul,Finance,110885,4,9
1294,Priya,Sales,102715,1,6
1295,Priya,Finance,40326,3,3
1296,Kavya,IT,140091,4,8
1297,Neha,Finance,31560,3,10
1298,Karan,IT,109148,3,4
1299,Rohit,Finance,113186,1,3
1300,Meera,IT,56745,4,6
1301,Rahul,HR,61890,5,3
1302,Rahul,Marketing,50022,1,2
1303,Amit,Marketing,82579,1,8
1304,Aisha,Operations,100316,4,10
1305,Priya,Marketing,113847,4,7
1306,Rohit,Sales,58380,3,0
1307,Kavya,Finance,140198,4,6
1308,Pooja,Operations,32356,3,8
1309,Meera,Sales,100326,1,7
1310,Neha,Sales,122447,2,7
1311,Meera,IT,144994,5,5
1312,Karan,Marketing,119899,1,10
1313,Ananya,HR,50049,4,3
1314,Karan,HR,105717,5,7
1315,Arjun,Operations,135361,2,2
1316,Riya,HR,46082,2,8
1317,Arjun,Finance,30661,3,1
1318,Rahul,HR,67412,5,1
1319,Vikas,Operations,144015,3,6
1320,Neha,HR,32920,1,9
1321,Riya,Finance,121194,5,3
1322,Rohit,IT,144306,1,9
1323,Ananya,Operations,90315,3,7
1324,Priya,IT,109561,5,8
1325,Neha,IT,38946,3,6
1326,Neha,IT,124242,5,4
1327,Arjun,Sales,75500,3,7
1328,Vikas,Marketing,134540,2,3
1329,Meera,Sales,46309,3,1
1330,Meera,Marketing,85230,2,10
1331,Rahul,IT,141822,3,5
1332,Suresh,Operations,128656,5,8
1333,Kavya,Marketing,60027,5,0
1334,Arjun,Finance,102541,5,10
1335,Neha,Finance,142340,4,9
1336,Meera,HR,144846,1,6
1337,Sunil,Marketing,89321,5,9
1338,Amit,Operations,30956,2,8
1339,Ananya,Sales,130375,5,9
1340,Kavya,IT,104131,4,8
1341,Arjun,HR,77908,2,9
1342,Ananya,Finance,108339,4,10
1343,Amit,Sales,55963,2,2
1344,Pooja,Sales,131757,3,10
1345,Amit,IT,69443,1,4
1346,Vikas,Marketing,129259,1,7
1347,Amit,Finance,69063,4,7
1348,Ananya,Operations,144225,1,3
1349,Meera,Sales,146400,4,10
1350,Karan,IT,110818,4,10
1351,Ananya,Operations,34703,4,0
1352,Suresh,Marketing,95128,1,0
1353,Rahul,Finance,102099,4,3
1354,Riya,Marketing,55849,1,5
1355,Meera,Sales,61860,4,7
1356,Karan,Operations,61585,5,5
1357,Priya,Operations,52015,4,8
1358,Riya,Operations,107539,2,8
1359,Rahul,Sales,73585,4,1
1360,Arjun,Sales,56958,3,9
1361,Kavya,Marketing,56017,4,0
1362,Suresh,HR,106707,2,1
1363,Suresh,Marketing,75350,2,4
1364,Priya,Finance,42201,1,3
1365,Karan,IT,59426,5,3
1366,Vikas,Operations,47778,4,8
1367,Aisha,HR,75241,1,10
1368,Pooja,IT,72229,5,7
1369,Amit,HR,116652,4,5
1370,Karan,Marketing,148402,3,0
1371,Kavya,Sales,78364,4,1
1372,Meera,Operations,128833,2,5
1373,Pooja,Marketing,114878,2,10
1374,Meera,IT,87056,3,1
1375,Suresh,IT,57490,1,9
1376,Ananya,IT,49975,5,4
1377,Kavya,IT,56723,4,4
1378,Rahul,IT,53279,2,5
1379,Priya,HR,108301,1,5
1380,Rahul,Marketing,142214,3,5
1381,Meera,Operations,41561,2,1
1382,Aisha,Sales,137435,3,9
1383,Kavya,Sales,96061,4,2
1384,Rohit,Marketing,118397,5,5
1385,Rohit,Marketing,79153,2,7
1386,Meera,Sales,63142,2,10
1387,Arjun,Sales,56916,4,0
1388,Karan,HR,94324,1,0
1389,Suresh,Finance,74965,5,10
1390,Suresh,Operations,34648,2,1
1391,Amit,IT,65133,5,10
1392,Amit,Finance,80677,2,5
1393,Meera,Marketing,126059,5,8
1394,Meera,Sales,124588,3,3
1395,Amit,Finance,129950,2,2
1396,Ananya,Operations,128317,5,7
1397,Riya,Marketing,100135,1,10
1398,Neha,IT,65046,3,9
1399,Riya,IT,77064,3,8
1400,Rahul,Operations,131459,1,10
1401,Riya,Operations,136625,5,4
1402,Ananya,Sales,99350,4,8
1403,Arjun,IT,75893,1,1
1404,Rahul,Marketing,131520,5,2
1405,Riya,Finance,91272,1,6
1406,Ananya,Marketing,122152,1,6
1407,Neha,HR,97649,2,5
1408,Riya,HR,94674,5,5
1409,Ananya,Operations,149044,4,1
1410,Aisha,Sales,138542,2,9
1411,Amit,HR,43760,1,5
1412,Meera,IT,51927,1,3
1413,Aisha,Marketing,116475,1,2
1414,Suresh,Marketing,91367,5,10
1415,Amit,Operations,127955,5,1
1416,Suresh,Finance,42588,2,0
1417,Sunil,Operations,131678,4,10
1418,Priya,Finance,134734,2,10
1419,Meera,Operations,148154,3,4
1420,Aisha,Operations,82233,1,1
1421,Priya,Operations,74738,1,1
1422,Priya,Finance,63397,1,6
1423,Neha,Finance,112189,2,7
1424,Amit,Operations,106367,2,9
1425,Meera,HR,101260,1,7
1426,Sunil,Sales,106619,2,3
1427,Suresh,Sales,141453,5,0
1428,Ananya,Sales,49816,5,10
1429,Rahul,Finance,72240,2,6
1430,Ananya,Finance,36276,1,0
1431,Rahul,HR,143939,2,10
1432,Aisha,Sales,134199,2,3
1433,Rohit,Sales,109530,2,7
1434,Meera,Operations,53499,3,1
1435,Ananya,Finance,118576,5,5
1436,Riya,Sales,138856,4,5
1437,Meera,Marketing,112495,4,8
1438,Riya,HR,101635,3,4
1439,Karan,Marketing,137803,2,9
1440,Amit,Marketing,115112,3,3
1441,Rahul,HR,65946,3,4
1442,Meera,Marketing,85204,1,9
1443,Rahul,Sales,81886,5,10
1444,Meera,Finance,101652,4,4
1445,Kavya,HR,45563,2,7
1446,Arjun,Operations,122324,4,9
1447,Amit,Marketing,122464,4,7
1448,Neha,HR,131872,5,1
1449,Karan,IT,39847,4,6
1450,Neha,IT,56155,4,7
1451,Aisha,Finance,109671,3,10
1452,Aisha,Sales,146891,5,5
1453,Neha,Finance,113310,1,4
1454,Neha,Finance,97278,2,10
1455,Sunil,Finance,48309,4,8
1456,Amit,Finance,30619,2,2
1457,Neha,Operations,113194,1,9
1458,Riya,Operations,80108,2,3
1459,Arjun,HR,64707,1,8
1460,Arjun,IT,50337,3,5
1461,Priya,Finance,111537,4,7
1462,Rohit,HR,96504,1,6
1463,Aisha,IT,77614,2,10
1464,Rahul,Marketing,121428,4,1
1465,Kavya,Sales,121155,3,2
1466,Vikas,Operations,30281,4,0
1467,Meera,Marketing,57420,1,8
1468,Rahul,IT,110896,3,6
1469,Rohit,Marketing,69030,2,0
1470,Kavya,Sales,31058,3,2
1471,Sunil,IT,116213,3,3
1472,Meera,Marketing,106260,5,3
1473,Amit,Operations,58404,3,4
1474,Ananya,Operations,133482,3,2
1475,Amit,HR,135284,4,2
1476,Meera,Marketing,59856,2,0
1477,Rahul,Finance,39200,4,6
1478,Meera,Marketing,94178,4,10
1479,Rahul,IT,63997,1,9
1480,Kavya,IT,55611,4,0
1481,Kavya,Marketing,149273,5,1
1482,Aisha,Sales,71235,5,3
1483,Sunil,Operations,147428,1,3
1484,Aisha,IT,65057,2,4
1485,Rohit,Operations,31239,2,10
1486,Neha,IT,133674,4,1
1487,Amit,HR,144474,4,3
1488,Kavya,Finance,95661,4,0
1489,Suresh,IT,75272,2,1
1490,Rohit,Operations,119393,3,0
1491,Riya,HR,91212,5,9
1492,Sunil,IT,45398,3,9
1493,Rahul,Sales,86503,3,3
1494,Aisha,Finance,36638,2,3
1495,Rohit,IT,36570,3,6
1496,Vikas,HR,98785,1,9
1497,Amit,Sales,39110,4,10
1498,Kavya,Marketing,135899,1,10
1499,Rahul,HR,109141,5,8
1500,Ananya,HR,42115,4,8
1501,Vikas,Sales,69062,3,4
1502,Sunil,HR,52911,5,9
1503,Rohit,Sales,134061,4,0
1504,Meera,IT,62556,3,0
1505,Karan,Sales,108131,1,5
1506,Rahul,Sales,31969,4,1
1507,Meera,Finance,73753,3,7
1508,Amit,Sales,112811,1,8
1509,Meera,Sales,34470,5,3
1510,Priya,Marketing,40225,5,4
1511,Suresh,IT,137860,5,10
1512,Pooja,Finance,137510,5,7
1513,Vikas,Marketing,138295,2,2
1514,Neha,Operations,53196,4,4
1515,Pooja,IT,135823,4,2
1516,Amit,IT,43669,2,9
1517,Riya,Operations,67380,3,2
1518,Aisha,Sales,140677,3,2
1519,Riya,Marketing,145886,5,6
1520,Priya,HR,78320,1,6
1521,Meera,Finance,77414,3,6
1522,Vikas,HR,133542,1,9
1523,Neha,Operations,45577,4,7
1524,Karan,IT,118009,1,4
1525,Priya,IT,85409,4,4
1526,Vikas,Finance,58625,2,3
1527,Arjun,IT,111040,2,6
1528,Pooja,IT,54089,5,9
1529,Priya,Finance,66487,3,3
1530,Pooja,Marketing,95838,5,1
1531,Rahul,Marketing,126999,4,3
1532,Riya,Finance,140448,5,7
1533,Rahul,Operations,124795,1,8
1534,Suresh,IT,80138,4,2
1535,Arjun,IT,72823,2,6
1536,Neha,Operations,67208,3,8
1537,Meera,Marketing,84061,4,10
1538,Karan,Sales,60659,4,3
1539,Sunil,Sales,131376,1,9
1540,Pooja,Sales,61890,3,2
1541,Karan,Marketing,109134,2,4
1542,Pooja,Marketing,77055,4,0
1543,Amit,Operations,142269,4,2
1544,Priya,IT,49508,1,7
1545,Suresh,Operations,72287,5,10
1546,Riya,Operations,108916,2,7
1547,Sunil,Marketing,56984,3,3
1548,Kavya,Sales,140169,4,1
1549,Pooja,HR,38125,4,7
1550,Karan,IT,66059,2,7
1551,Suresh,Marketing,99569,5,9
1552,Ananya,Sales,133409,4,3
1553,Sunil,HR,47087,2,2
1554,Ananya,HR,136437,1,1
1555,Rahul,Marketing,145262,5,8
1556,Riya,Finance,35704,3,0
1557,Meera,IT,90576,4,6
1558,Aisha,HR,103384,2,4
1559,Meera,Marketing,117128,1,7
1560,Aisha,Marketing,141279,3,3
1561,Kavya,Sales,102460,2,6
1562,Amit,Finance,57208,2,4
1563,Karan,IT,148516,3,4
1564,Vikas,Operations,115150,1,8
1565,Kavya,Sales,96024,1,8
1566,Priya,HR,69882,5,8
1567,Priya,HR,55923,4,5
1568,Meera,Sales,144044,3,5
1569,Karan,Marketing,131477,3,4
1570,Vikas,HR,59165,3,8
1571,Neha,Finance,97203,1,9
1572,Amit,IT,121749,4,7
1573,Suresh,Finance,34114,5,6
1574,Pooja,HR,94965,2,6
1575,Vikas,Operations,66321,2,5
1576,Aisha,IT,103297,3,4
1577,Sunil,IT,126652,4,3
1578,Neha,Sales,129304,1,2
1579,Pooja,Sales,143942,4,2
1580,Pooja,Operations,55426,4,5
1581,Neha,Marketing,47772,1,3
1582,Rahul,IT,133754,3,5
1583,Ananya,Operations,33712,4,2
1584,Pooja,Sales,31367,2,3
1585,Neha,Sales,136493,1,8
1586,Vikas,IT,137317,5,4
1587,Neha,Finance,145142,3,6
1588,Arjun,HR,121736,1,9
1589,Kavya,Sales,81924,5,1
1590,Rohit,Marketing,33726,5,4
1591,Rahul,Marketing,119152,4,8
1592,Riya,Sales,57723,4,10
1593,Rohit,Finance,133110,4,2
1594,Kavya,Finance,130494,1,8
1595,Kavya,Operations,39108,1,10
1596,Kavya,Marketing,107714,3,5
1597,Rohit,Operations,65643,4,3
1598,Karan,Marketing,61324,5,6
1599,Ananya,HR,133896,2,7
1600,Neha,HR,113360,3,5
1601,Sunil,IT,140896,1,4
1602,Meera,Operations,38927,3,5
1603,Ananya,Sales,123680,3,4
1604,Aisha,Operations,126546,3,7
1605,Vikas,Sales,52443,3,0
1606,Amit,Finance,109973,2,10
1607,Karan,Operations,93449,4,6
1608,Riya,Finance,139834,5,9
1609,Ananya,HR,135314,3,9
1610,Meera,HR,106743,3,10
1611,Sunil,IT,90233,3,1
1612,Priya,Operations,55537,4,8
1613,Kavya,Finance,131293,1,0
1614,Pooja,Sales,107576,1,10
1615,Aisha,HR,137522,2,9
1616,Amit,HR,52612,1,5
1617,Rahul,Sales,123977,3,8
1618,Riya,Finance,36471,3,0
1619,Vikas,Finance,65631,3,3
1620,Amit,Operations,138997,2,3
1621,Kavya,Operations,122059,3,8
1622,Pooja,Marketing,61348,1,10
1623,Karan,Marketing,94732,4,4
1624,Pooja,IT,31177,4,4
1625,Rohit,HR,34760,5,5
1626,Pooja,Operations,62779,1,0
1627,Rohit,Finance,51636,3,0
1628,Aisha,Sales,111889,4,8
1629,Karan,Finance,83551,1,2
1630,Vikas,HR,41556,4,3
1631,Suresh,Marketing,57598,3,0
1632,Kavya,Finance,41563,4,8
1633,Rohit,IT,76819,5,7
1634,Rahul,HR,139326,5,1
1635,Pooja,Marketing,103770,4,7
1636,Pooja,Sales,121055,1,6
1637,Rahul,Marketing,56966,1,10
1638,Vikas,IT,111709,1,5
1639,Priya,HR,89889,4,0
1640,Meera,Sales,56987,1,6
1641,Aisha,IT,108714,3,9
1642,Neha,Marketing,134874,5,6
1643,Meera,IT,88348,3,8
1644,Suresh,HR,54596,1,0
1645,Riya,Operations,63174,3,1
1646,Sunil,IT,94106,1,10
1647,Rohit,IT,137510,4,8
1648,Rahul,Marketing,99967,3,8
1649,Meera,Marketing,89182,4,5
1650,Sunil,Sales,123300,4,5
1651,Karan,Marketing,117163,2,3
1652,Meera,Finance,69310,1,3
1653,Vikas,HR,86088,5,4
1654,Rohit,HR,38906,1,2
1655,Neha,Operations,66914,5,0
1656,Sunil,Operations,140350,1,0
1657,Karan,HR,75379,4,6
1658,Amit,Operations,108612,3,0
1659,Kavya,Sales,144828,3,0
1660,Pooja,Marketing,67650,2,2
1661,Meera,HR,76881,5,9
1662,Amit,Operations,76413,5,3
1663,Rohit,HR,36012,5,3
1664,Neha,Finance,80115,4,1
1665,Suresh,IT,37151,5,0
1666,Sunil,Marketing,87716,3,2
1667,Aisha,HR,123747,4,10
1668,Kavya,IT,122653,1,3
1669,Rohit,Operations,66378,5,2
1670,Vikas,IT,72652,5,7
1671,Rahul,Marketing,102430,1,9
1672,Aisha,HR,43467,5,0
1673,Aisha,Finance,61010,1,1
1674,Aisha,Operations,144793,4,6
1675,Ananya,HR,84691,3,3
1676,Rohit,Marketing,94157,1,7
1677,Kavya,Operations,138177,2,10
1678,Meera,Sales,42289,1,2
1679,Pooja,IT,74976,5,5
1680,Pooja,Marketing,73596,4,8
1681,Meera,Sales,53171,4,0
1682,Rohit,HR,130441,1,0
1683,Karan,Finance,116365,3,7
1684,Ananya,Operations,148218,2,2
1685,Rahul,IT,129590,4,4
1686,Aisha,Operations,144014,5,0
1687,Aisha,HR,74139,5,4
1688,Rohit,Operations,78713,3,10
1689,Karan,IT,59734,4,5
1690,Pooja,HR,102588,1,7
1691,Pooja,Operations,93646,5,2
1692,Neha,Finance,33654,3,2
1693,Rohit,Marketing,119022,4,10
1694,Ananya,HR,48743,4,10
1695,Priya,Marketing,78368,4,9
1696,Ananya,HR,120025,4,8
1697,Vikas,Finance,104172,4,3
1698,Pooja,Marketing,36441,5,3
1699,Pooja,Sales,149735,3,6
1700,Amit,IT,54611,4,1
1701,Pooja,Sales,149891,2,7
1702,Meera,Operations,137971,2,5
1703,Rahul,Finance,42149,3,2
1704,Riya,Sales,130102,1,8
1705,Rohit,HR,89189,1,4
1706,Sunil,Operations,137904,1,7
1707,Ananya,Operations,51675,2,6
1708,Meera,Sales,101031,1,7
1709,Riya,Sales,72668,5,6
1710,Meera,Finance,43673,4,2
1711,Karan,IT,106666,2,1
1712,Priya,Sales,118204,3,6
1713,Rahul,Sales,110758,3,2
1714,Kavya,Marketing,95429,4,2
1715,Meera,HR,53669,2,1
1716,Meera,Marketing,64068,1,3
1717,Arjun,Marketing,118789,1,7
1718,Ananya,Operations,39435,5,0
1719,Riya,IT,124088,5,0
1720,Kavya,HR,82249,1,4
1721,Priya,Finance,67384,3,10
1722,Amit,Finance,111929,3,4
1723,Kavya,Sales,106153,5,10
1724,Rahul,Sales,134056,4,0
1725,Rahul,Finance,105388,1,5
1726,Sunil,Sales,61401,5,0
1727,Amit,IT,101831,5,4
1728,Arjun,Marketing,149503,1,8
1729,Rohit,Sales,145760,1,4
1730,Kavya,Operations,131529,3,5
1731,Amit,Sales,64084,4,7
1732,Rahul,HR,140641,4,10
1733,Rahul,IT,135111,1,0
1734,Riya,HR,85826,2,1
1735,Pooja,HR,66451,5,8
1736,Arjun,Operations,37227,5,2
1737,Kavya,IT,61910,1,5
1738,Sunil,IT,66041,2,4
1739,Sunil,IT,118920,3,10
1740,Kavya,IT,95681,1,1
1741,Vikas,IT,133314,1,6
1742,Aisha,Operations,111571,5,3
1743,Priya,Sales,95481,1,0
1744,Sunil,HR,98576,1,3
1745,Amit,IT,137958,1,5
1746,Priya,Sales,94174,5,6
1747,Amit,Sales,56160,3,6
1748,Karan,HR,145170,3,6
1749,Rahul,Operations,147867,1,2
1750,Pooja,Finance,47633,5,5
1751,Riya,Finance,124880,3,7
1752,Sunil,Sales,47014,3,3
1753,Pooja,Marketing,110532,3,7
1754,Pooja,Marketing,79104,5,1
1755,Pooja,HR,71621,5,9
1756,Aisha,Finance,107231,1,8
1757,Priya,Sales,98388,4,8
1758,Amit,Operations,46014,3,7
1759,Suresh,Finance,122578,4,9
1760,Karan,Sales,63755,5,9
1761,Ananya,Sales,70390,5,0
1762,Pooja,IT,53711,5,1
1763,Rohit,Operations,121658,4,5
1764,Priya,IT,87993,5,9
1765,Sunil,HR,104696,1,4
1766,Arjun,IT,57213,5,8
1767,Sunil,IT,145788,2,4
1768,Riya,Finance,134956,4,1
1769,Ananya,Marketing,87784,2,9
1770,Suresh,Sales,37421,5,3
1771,Rohit,Operations,116936,1,8
1772,Sunil,IT,129073,3,0
1773,Suresh,Operations,47727,5,10
1774,Ananya,Marketing,142418,1,0
1775,Pooja,Marketing,34358,4,6
1776,Rohit,IT,95108,2,10
1777,Suresh,HR,124018,2,2
1778,Riya,IT,62117,2,9
1779,Meera,Finance,118700,4,1
1780,Amit,Sales,61910,1,8
1781,Rahul,HR,128032,4,2
1782,Amit,IT,85754,2,1
1783,Meera,Operations,92438,5,7
1784,Ananya,HR,139847,3,9
1785,Priya,HR,59371,4,5
1786,Rahul,IT,81501,4,5
1787,Karan,HR,90946,1,9
1788,Meera,Operations,68467,1,10
1789,Riya,Marketing,47625,4,6
1790,Karan,HR,63893,2,6
1791,Aisha,Marketing,106329,3,10
1792,Meera,Operations,61007,1,5
1793,Rohit,IT,121302,2,3
1794,Kavya,Sales,69532,5,10
1795,Rahul,HR,84253,1,8
1796,Karan,Sales,42323,2,5
1797,Sunil,Operations,141335,2,3
1798,Karan,HR,142356,3,2
1799,Suresh,Marketing,140944,3,3
1800,Amit,Finance,103379,5,2
1801,Suresh,Sales,44210,2,1
1802,Aisha,HR,46456,2,4
1803,Rahul,Sales,61367,3,1
1804,Rahul,HR,84624,1,5
1805,Aisha,IT,40106,1,2
1806,Ananya,Marketing,133493,4,5
1807,Meera,Sales,98008,3,10
1808,Suresh,Finance,145395,4,9
1809,Neha,Finance,146492,3,8
1810,Sunil,Operations,102240,5,0
1811,Arjun,HR,94315,2,5
1812,Amit,Sales,99249,5,8
1813,Rahul,Operations,100587,3,10
1814,Ananya,Sales,40756,2,3
1815,Kavya,HR,98011,1,10
1816,Sunil,Finance,66378,1,1
1817,Suresh,IT,34255,4,3
1818,Amit,Finance,44484,3,0
1819,Kavya,Operations,86549,3,2
1820,Suresh,Marketing,64503,1,9
1821,Karan,IT,103794,5,8
1822,Kavya,Operations,136283,2,9
1823,Aisha,HR,130732,5,4
1824,Vikas,IT,75113,5,10
1825,Meera,Operations,135730,1,5
1826,Ananya,HR,104069,1,2
1827,Amit,Finance,128117,1,4
1828,Pooja,Marketing,35249,4,10
1829,Vikas,HR,149979,5,7
1830,Meera,Sales,49201,3,5
1831,Rohit,HR,88576,2,3
1832,Rohit,HR,148562,4,1
1833,Amit,Marketing,39686,3,8
1834,Kavya,Sales,142413,5,0
1835,Suresh,Operations,83363,1,0
1836,Ananya,Operations,127543,5,3
1837,Arjun,HR,30661,2,6
1838,Rohit,Sales,74843,4,0
1839,Ananya,Sales,125673,4,8
1840,Rohit,Marketing,90963,2,3
1841,Karan,Finance,143092,3,2
1842,Meera,Operations,72828,3,0
1843,Suresh,Marketing,78604,4,9
1844,Karan,IT,40526,4,3
1845,Sunil,Operations,98910,1,8
1846,Rohit,Marketing,55592,3,9
1847,Pooja,Operations,58982,2,5
1848,Pooja,Finance,30207,3,5
1849,Karan,IT,130969,1,0
1850,Aisha,Finance,147181,4,9
1851,Vikas,IT,118733,4,1
1852,Pooja,HR,128936,1,10
1853,Rohit,Marketing,98619,2,5
1854,Amit,IT,59328,4,1
1855,Karan,Finance,76479,5,2
1856,Sunil,Operations,138427,4,3
1857,Arjun,IT,50103,5,10
1858,Arjun,Marketing,69891,1,4
1859,Priya,IT,40754,1,8
1860,Vikas,Sales,129983,4,3
1861,Kavya,Operations,111437,3,10
1862,Suresh,Marketing,128540,5,8
1863,Pooja,Marketing,102982,2,10
1864,Pooja,HR,132747,4,9
1865,Kavya,Finance,85922,2,2
1866,Rahul,HR,78231,4,7
1867,Sunil,Marketing,59301,3,0
1868,Neha,Operations,121652,3,10
1869,Karan,IT,92711,3,8
1870,Aisha,IT,71323,3,8
1871,Sunil,Operations,48752,1,9
1872,Riya,Marketing,127912,1,1
1873,Pooja,IT,112205,5,3
1874,Suresh,IT,128452,2,7
1875,Priya,IT,43395,4,6
1876,Arjun,Finance,115957,4,0
1877,Pooja,Finance,86273,1,4
1878,Priya,Sales,121878,4,6
1879,Rohit,HR,34895,1,3
1880,Sunil,Operations,149968,5,0
1881,Rohit,Operations,145700,2,8
1882,Neha,Operations,106559,5,4
1883,Amit,Sales,40699,3,10
1884,Riya,Finance,95061,3,1
1885,Meera,Marketing,39715,3,7
1886,Sunil,Marketing,49169,5,10
1887,Rahul,Sales,148413,4,1
1888,Neha,Marketing,46163,2,2
1889,Ananya,Operations,149264,3,9
1890,Rahul,HR,35782,3,0
1891,Vikas,IT,118177,3,10
1892,Karan,Finance,114328,2,1
1893,Suresh,Finance,145028,3,6
1894,Sunil,Sales,65585,2,9
1895,Ananya,Finance,60682,3,1
1896,Ananya,Operations,77864,5,5
1897,Neha,Marketing,114416,5,2
1898,Kavya,Operations,85114,2,3
1899,Vikas,Sales,68067,5,10
1900,Amit,Operations,72685,2,7
1901,Sunil,Marketing,48073,5,2
1902,Kavya,HR,66035,5,9
1903,Neha,Sales,94977,2,5
1904,Karan,HR,132710,4,0
1905,Arjun,IT,120373,5,6
1906,Pooja,HR,113362,3,7
1907,Pooja,IT,120517,4,10
1908,Amit,IT,95450,2,7
1909,Karan,HR,40382,4,2
1910,Aisha,Sales,34437,1,9
1911,Amit,Marketing,100971,1,0
1912,Sunil,Operations,94612,5,8
1913,Sunil,Operations,120355,5,5
1914,Priya,Marketing,91929,3,10
1915,Kavya,IT,132411,4,8
1916,Aisha,IT,127518,1,6
1917,Pooja,Sales,128864,5,0
1918,Ananya,Finance,42329,4,0
1919,Kavya,HR,55169,5,5
1920,Riya,IT,117468,5,4
1921,Sunil,Operations,64594,1,8
1922,Vikas,Sales,106957,1,1
1923,Suresh,HR,90631,5,7
1924,Karan,Sales,75033,2,10
1925,Rahul,HR,93133,5,4
1926,Amit,HR,103165,5,1
1927,Sunil,Marketing,103861,3,9
1928,Kavya,IT,82290,3,10
1929,Aisha,Sales,124031,3,10
1930,Suresh,Sales,61750,2,5
1931,Vikas,Marketing,125155,2,9
1932,Kavya,Operations,70461,5,7
1933,Rahul,Operations,103800,3,3
1934,Suresh,IT,108222,2,1
1935,Riya,IT,142020,1,10
1936,Rahul,Finance,54226,5,4
1937,Neha,Marketing,36721,4,1
1938,Rohit,Operations,86154,5,1
1939,Neha,HR,50609,4,5
1940,Pooja,Sales,82130,3,10
1941,Kavya,IT,102909,4,9
1942,Sunil,Sales,134211,3,8
1943,Meera,Sales,85249,1,3
1944,Sunil,Finance,78895,4,5
1945,Sunil,Operations,124473,5,6
1946,Vikas,IT,35656,3,10
1947,Rohit,Sales,104520,5,5
1948,Meera,IT,93740,2,7
1949,Neha,HR,94309,3,3
1950,Rohit,Finance,59984,4,0
1951,Arjun,HR,148947,3,6
1952,Kavya,IT,103822,5,2
1953,Rohit,IT,35901,1,5
1954,Ananya,Operations,61552,3,1
1955,Amit,Sales,121245,4,8
1956,Amit,Sales,61055,2,0
1957,Ananya,HR,67685,1,5
1958,Suresh,Finance,103965,2,5
1959,Priya,Marketing,44716,3,4
1960,Vikas,Sales,144099,5,4
1961,Suresh,Operations,41138,5,0
1962,Rahul,HR,65298,4,9
1963,Aisha,HR,81112,5,4
1964,Vikas,Marketing,53429,1,1
1965,Vikas,Operations,80200,5,6
1966,Rahul,Finance,101308,4,2
1967,Rohit,Operations,78244,3,3
1968,Neha,Finance,147217,3,2
1969,Neha,Operations,144055,5,2
1970,Amit,Operations,131268,2,3
1971,Meera,IT,135441,3,4
1972,Karan,HR,47347,5,0
1973,Suresh,Operations,46920,4,3
1974,Arjun,Marketing,61822,5,10
1975,Kavya,Operations,76659,3,7
1976,Pooja,Sales,70108,4,9
1977,Meera,HR,119099,5,6
1978,Meera,Sales,37967,1,8
1979,Riya,HR,140719,4,4
1980,Neha,Sales,41871,1,9
1981,Kavya,Operations,124299,2,3
1982,Riya,Operations,107452,4,7
1983,Kavya,IT,104270,1,8
1984,Rohit,Marketing,63613,3,6
1985,Riya,Sales,58179,3,6
1986,Pooja,Finance,82188,2,4
1987,Kavya,IT,85099,4,3
1988,Ananya,Sales,65262,4,9
1989,Pooja,Sales,108213,4,0
1990,Riya,IT,147407,2,9
1991,Pooja,Operations,48268,4,9
1992,Kavya,Sales,107866,3,6
1993,Priya,Operations,116269,1,0
1994,Kavya,IT,90545,3,0
1995,Kavya,Operations,133483,3,4
1996,Rohit,HR,122822,1,8
1997,Suresh,Finance,102146,3,5
1998,Ananya,Sales,101966,2,2
1999,Meera,Marketing,69922,1,2
2000,Arjun,Finance,109364,3,6
